"Matrícula"|"Empregado"|"Ano/Mês Aprop"|"Horas Aprop."|
4006593|"MAURUS OTAVIO FONSECA SANTOS"|"2017/10"|8.730000|
4064402|"PEDRO JOSE RODRIGUES DA SILVA"|"2017/10"|21.000000|
21039291|"WALTER DE CARVALHO MATTOS GALVAO"|"2017/10"|41.000000|
21067198|"JOSE CLODOALDO JATOBA SILVA JUNIOR"|"2017/10"|33.220000|
21069077|"DAVI AUGUSTO GADELHA SILVA"|"2017/10"|36.560000|
21070407|"MARCOS JOSE RIBEIRO DA SILVA"|"2017/10"|11.000000|
21092230|"JONAS CESAR DE SOUZA PONTES"|"2017/10"|25.700000|
21092982|"WAGNER RUBIS COSTA"|"2017/10"|3.740000|
|||180.950000|
