"Lotação Destinatário"|"Ano/Mês Entrega"|"% Entregas no Prazo"|
"SUPDE/DERCE/DE401"|"2017/09"|1.000000|
"SUPDE/DERCE/DE401"|"2017/10"|1.000000|
"SUPDE/DERCE/DE401"|"2017/11"|1.000000|
"SUPDE/DERCE/DE402"|"2017/01"|1.000000|
"SUPDE/DERCE/DE402"|"2017/05"|1.000000|
"SUPDE/DERCE/DE402"|"2017/11"|1.000000|
"SUPDE/DERCE/DE403"|"2017/10"|1.000000|
"SUPDE/DERCE/DE403"|"2017/11"|1.000000|
"SUPDE/DERCE/DE404"|"2017/05"|1.000000|
"SUPDE/DERCE/DE404"|"2017/09"|1.000000|
"SUPDE/DERCE/DE404"|"2017/10"|1.000000|
"SUPDE/DERCE/DE404"|"2017/11"|1.000000|
"SUPDE/DERCE/DE406"|"2017/09"|1.000000|
"SUPDE/DERCE/DE406"|"2017/10"|1.000000|
"SUPDE/DERCE/DE406"|"2017/11"|1.000000|
"SUPDE/DERCE/DE407"|"2017/09"|1.000000|
"SUPDE/DERCE/DE407"|"2017/10"|0.857143|
"SUPDE/DERCE/DE407"|"2017/11"|1.000000|
"SUPDE/DERCE/DE408"|"2017/09"|1.000000|
"SUPDE/DERCE/DE409"|"2017/10"|0.941176|
"SUPDE/DERCE/DE409"|"2017/11"|1.000000|
"SUPDE/DERCE/DE410"|"2017/01"|1.000000|
"SUPDE/DERCE/DE410"|"2017/02"|1.000000|
"SUPDE/DERCE/DE410"|"2017/04"|1.000000|
"SUPDE/DERCE/DE410"|"2017/05"|1.000000|
"SUPDE/DERCE/DE410"|"2017/06"|1.000000|
"SUPDE/DERCE/DE410"|"2017/07"|1.000000|
"SUPDE/DERCE/DE410"|"2017/08"|0.500000|
"SUPDE/DERCE/DE410"|"2017/09"|1.000000|
"SUPDE/DERCE/DE410"|"2017/10"|1.000000|
"SUPDE/DERCE/DE410"|"2017/11"|1.000000|
"SUPDE/DERCE/DE411"|"2017/01"|1.000000|
"SUPDE/DERCE/DE411"|"2017/02"|1.000000|
"SUPDE/DERCE/DE411"|"2017/03"|1.000000|
"SUPDE/DERCE/DE411"|"2017/04"|1.000000|
"SUPDE/DERCE/DE411"|"2017/05"|1.000000|
"SUPDE/DERCE/DE411"|"2017/06"|1.000000|
"SUPDE/DERCE/DE411"|"2017/07"|1.000000|
"SUPDE/DERCE/DE411"|"2017/08"|1.000000|
"SUPDE/DERCE/DE411"|"2017/09"|1.000000|
"SUPDE/DERCE/DE411"|"2017/10"|0.500000|
"SUPDE/DERCE/DE411"|"2017/11"|1.000000|
"SUPDE/DERCE/DE413"|"2017/02"|1.000000|
"SUPDE/DERCE/DE413"|"2017/03"|0.974359|
"SUPDE/DERCE/DE413"|"2017/04"|1.000000|
"SUPDE/DERCE/DE413"|"2017/05"|1.000000|
"SUPDE/DERCE/DE413"|"2017/06"|0.977273|
"SUPDE/DERCE/DE413"|"2017/07"|0.983607|
"SUPDE/DERCE/DE413"|"2017/08"|0.938776|
"SUPDE/DERCE/DE413"|"2017/09"|0.741935|
"SUPDE/DERCE/DE413"|"2017/10"|0.775510|
"SUPDE/DERCE/DE413"|"2017/11"|0.840909|
"SUPDE/DERCE/DE414"|"2017/01"|0.852941|
"SUPDE/DERCE/DE414"|"2017/02"|0.937500|
"SUPDE/DERCE/DE414"|"2017/03"|0.896552|
"SUPDE/DERCE/DE414"|"2017/04"|0.885714|
"SUPDE/DERCE/DE414"|"2017/05"|1.000000|
"SUPDE/DERCE/DE414"|"2017/06"|1.000000|
"SUPDE/DERCE/DE414"|"2017/07"|1.000000|
"SUPDE/DERCE/DE414"|"2017/08"|1.000000|
"SUPDE/DERCE/DE414"|"2017/09"|1.000000|
"SUPDE/DERCE/DE414"|"2017/10"|1.000000|
"SUPDE/DERCE/DE414"|"2017/11"|1.000000|
"SUPDE/DERCE/DE415"|"2017/03"|1.000000|
"SUPDE/DERCE/DE415"|"2017/04"|1.000000|
"SUPDE/DERCE/DE415"|"2017/05"|1.000000|
"SUPDE/DERCE/DE415"|"2017/06"|1.000000|
"SUPDE/DERCE/DE415"|"2017/07"|1.000000|
"SUPDE/DERCE/DE415"|"2017/08"|1.000000|
"SUPDE/DERCE/DE415"|"2017/09"|1.000000|
"SUPDE/DERCE/DE415"|"2017/10"|1.000000|
"SUPDE/DERCE/DE415"|"2017/11"|1.000000|
"SUPDE/DERCE/DE4CT"|"2017/02"|1.000000|
"SUPDE/DERCE/DE4CT"|"2017/03"|1.000000|
"SUPDE/DERCE/DE4D1"|"2017/01"|0.980000|
"SUPDE/DERCE/DE4D1"|"2017/02"|1.000000|
"SUPDE/DERCE/DE4D1"|"2017/03"|1.000000|
"SUPDE/DERCE/DE4D1"|"2017/04"|1.000000|
"SUPDE/DERCE/DE4D1"|"2017/05"|1.000000|
"SUPDE/DERCE/DE4D1"|"2017/06"|1.000000|
"SUPDE/DERCE/DE4D1"|"2017/08"|1.000000|
"SUPDE/DERCE/DE4D1"|"2017/09"|1.000000|
"SUPDE/DERCE/DE4D2"|"2017/01"|1.000000|
"SUPDE/DERCE/DE4D2"|"2017/02"|1.000000|
"SUPDE/DERCE/DE4D2"|"2017/03"|1.000000|
"SUPDE/DERCE/DE4D2"|"2017/04"|1.000000|
"SUPDE/DERCE/DE4D2"|"2017/05"|0.666667|
"SUPDE/DERCE/DE4D2"|"2017/06"|1.000000|
"SUPDE/DERCE/DE4D2"|"2017/08"|0.666667|
"SUPDE/DERCE/DE4D3"|"2017/02"|1.000000|
"SUPDE/DERCE/DE4D3"|"2017/03"|1.000000|
"SUPDE/DERCE/DE4D3"|"2017/04"|1.000000|
"SUPDE/DERCE/DE4D3"|"2017/05"|1.000000|
"SUPDE/DERCE/DE4D3"|"2017/06"|1.000000|
"SUPDE/DERCE/DE4D3"|"2017/07"|1.000000|
"SUPDE/DERCE/DE4D3"|"2017/08"|1.000000|
"SUPDE/DERCE/DE4D3"|"2017/09"|1.000000|
"SUPDE/DERCE/DE4D3"|"2017/10"|1.000000|
"SUPDE/DERCE/DE4D3"|"2017/11"|1.000000|
"SUPDE/DERCE/DE4D4"|"2017/01"|1.000000|
"SUPDE/DERCE/DE4D4"|"2017/02"|1.000000|
"SUPDE/DERCE/DE4D4"|"2017/03"|1.000000|
"SUPDE/DERCE/DE4D4"|"2017/04"|0.666667|
"SUPDE/DERCE/DE4D4"|"2017/05"|0.954545|
"SUPDE/DERCE/DE4D4"|"2017/06"|1.000000|
"SUPDE/DERCE/DE4D4"|"2017/07"|1.000000|
"SUPDE/DERCE/DE4D4"|"2017/08"|0.875000|
"SUPDE/DERCE/DE4D4"|"2017/09"|0.933333|
"SUPDE/DERCE/DE4D4"|"2017/10"|1.000000|
"SUPDE/DERCE/DE4D4"|"2017/11"|0.500000|
"SUPDE/DERCE/DE4D5"|"2017/02"|1.000000|
"SUPDE/DERCE/DE4D5"|"2017/03"|1.000000|
"SUPDE/DERCE/DE4D5"|"2017/04"|1.000000|
"SUPDE/DERCE/DE4D6"|"2017/01"|1.000000|
"SUPDE/DERCE/DE4D6"|"2017/02"|1.000000|
"SUPDE/DERCE/DE4D6"|"2017/04"|1.000000|
"SUPDE/DERCE/DE4D6"|"2017/05"|0.800000|
"SUPDE/DERCE/DE4D6"|"2017/06"|0.857143|
"SUPDE/DERCE/DE4D6"|"2017/07"|1.000000|
"SUPDE/DERCE/DE4D6"|"2017/08"|0.950000|
"SUPDE/DERCE/DE4D6"|"2017/09"|1.000000|
"SUPDE/DERCE/DE4D6"|"2017/10"|1.000000|
"SUPDE/DERCE/DE4D6"|"2017/11"|1.000000|
"SUPDE/DERCE/DE4D7"|"2017/01"|1.000000|
"SUPDE/DERCE/DE4D7"|"2017/02"|1.000000|
"SUPDE/DERCE/DE4D7"|"2017/03"|1.000000|
"SUPDE/DERCE/DE4D7"|"2017/04"|1.000000|
"SUPDE/DERCE/DE4D7"|"2017/05"|1.000000|
"SUPDE/DERCE/DE4D7"|"2017/06"|1.000000|
"SUPDE/DERCE/DE4D7"|"2017/07"|1.000000|
"SUPDE/DERCE/DE4D7"|"2017/08"|1.000000|
"SUPDE/DERCE/DE4D7"|"2017/09"|1.000000|
"SUPDE/DERCE/DE4D7"|"2017/10"|1.000000|
"SUPDE/DERCE/DE4D7"|"2017/11"|1.000000|
"SUPDE/DERCE/DE4D8"|"2017/01"|1.000000|
"SUPDE/DERCE/DE4D8"|"2017/02"|1.000000|
"SUPDE/DERCE/DE4D8"|"2017/04"|1.000000|
"SUPDE/DERCE/DE4D8"|"2017/05"|1.000000|
"SUPDE/DERCE/DE4D8"|"2017/06"|1.000000|
"SUPDE/DERCE/DE4D8"|"2017/07"|1.000000|
"SUPDE/DERCE/DE4D8"|"2017/08"|1.000000|
"SUPDE/DERCE/DE4D8"|"2017/11"|1.000000|
"SUPDE/DERCE/DE4D9"|"2017/01"|0.833333|
"SUPDE/DERCE/DE4D9"|"2017/02"|1.000000|
"SUPDE/DERCE/DE4D9"|"2017/03"|0.714286|
"SUPDE/DERCE/DE4D9"|"2017/04"|0.857143|
"SUPDE/DERCE/DE4D9"|"2017/05"|1.000000|
"SUPDE/DERCE/DE4D9"|"2017/06"|1.000000|
"SUPDE/DERCE/DE4D9"|"2017/07"|1.000000|
"SUPDE/DERCE/DE4D9"|"2017/08"|1.000000|
"SUPDE/DERCE/DE4D9"|"2017/09"|0.500000|
"SUPDE/DERCE/DE4D9"|"2017/10"|1.000000|
"SUPDE/DERCE/DE4D9"|"2017/11"|1.000000|
"SUPDE/DERCE/DE4ED"|"2017/06"|1.000000|
"SUPDE/DERCE/DE4ED"|"2017/08"|1.000000|
"SUPDE/DERCE/DE4ED"|"2017/09"|1.000000|
"SUPDE/DERCE/DEP19"|"2017/03"||
